{
    "Dimensions": 5,
    "Min": 1.3482775071474046e-11,
    "Max": 1.5440838689198714e-07,
    "Mean": 2.208868687271082e-08,
    "Median": 3.2617366891488236e-09,
    "Standard Deviation": 3.7988767569212796e-08
}