{
    "Dimensions": 10,
    "Min": 4.092465030153853e-14,
    "Max": 1.3981798818681878e-07,
    "Mean": 2.522623887730978e-08,
    "Median": 7.983169760519117e-09,
    "Standard Deviation": 3.4693165060294136e-08
}