{
    "Dimensions": 10,
    "Min": 394.89993977714147,
    "Max": 415.0375983851503,
    "Mean": 413.6950878041532,
    "Median": 415.03759837623187,
    "Standard Deviation": 5.023214603560985
}