{
    "Dimensions": 5,
    "Min": 415.03759837471574,
    "Max": 415.0375983820474,
    "Mean": 415.0375983762004,
    "Median": 415.0375983752265,
    "Standard Deviation": 2.030278769726828e-09
}