{
    "Dimensions": 10,
    "Min": 2.4126288135388127e-06,
    "Max": 0.00047148960450371646,
    "Mean": 0.0001229383501179027,
    "Median": 8.886470192598157e-05,
    "Standard Deviation": 0.00010999583560479284
}