{
    "Dimensions": 5,
    "Min": 8.187785833706262e-06,
    "Max": 0.00026689477208968054,
    "Mean": 9.54159626094946e-05,
    "Median": 0.00010261012941364227,
    "Standard Deviation": 6.535191611469226e-05
}